name,email,phone,job,company,salary
Jennifer Graham,kaylashepard@gmail.com,2040539989,Film/video editor,George Inc,1810.89
Angela Hendrix,connie21@smith.com,075-194-1620,Health visitor,"Anderson, Flores and Chapman",2492.39
Guy Kelly,parsonslauren@gmail.com,(716)144-6878,Horticultural therapist,Santos Ltd,4026.52
Kristine Powers,christopher25@simpson-lewis.com,(152)412-6802x064,"Surveyor, planning and development","Black, Navarro and Navarro",9655.28
Daryl Carr,james11@gmail.com,001-508-826-7761x999,"Programme researcher, broadcasting/film/video","Howard, Henson and Frye",77.15
Joseph King,usalazar@martinez.com,(732)883-3766,Clinical embryologist,Smith-Fox,3440.07
Kelly Hinton,jeffrey22@yahoo.com,001-909-647-8603x9099,Wellsite geologist,May Ltd,5294.94
Roberta Potter,harrisonanthony@hotmail.com,001-848-236-6336x0135,Diplomatic Services operational officer,"Hunter, Bell and Whitney",9766.7
Sharon Knight,tsmith@yahoo.com,+1-570-486-6581x689,"Administrator, Civil Service",Sampson Inc,1657.64
James Evans,tricia21@perez.com,001-151-059-8992x6945,Armed forces operational officer,Johnson LLC,6917.23
Kathy Jordan,markmcmahon@gmail.com,+1-887-676-8169x5742,Fine artist,"Rodriguez, Wilson and Wong",5299.46
Peter Garcia,bmitchell@hotmail.com,932-779-3509,Multimedia specialist,Chapman PLC,121.29
Sherry Mcpherson,wedwards@smith-finley.com,001-250-103-4439x2776,Retail banker,Snyder and Sons,7275.47
Anthony Olson,eboone@yahoo.com,174.549.4940x40428,Arboriculturist,Harrison-Lamb,3569.93
Elizabeth Perkins MD,ndickerson@brown-brown.com,+1-021-321-8171x292,Operations geologist,Nelson LLC,4405.27
Miss Sarah Fernandez DDS,anthony42@yahoo.com,(039)101-4296x155,Chief Marketing Officer,"Morris, West and Morrison",5572.55
Jeffrey Williams,jsantana@gmail.com,(419)476-3516x478,"Psychologist, occupational",Castaneda-Gordon,1186.81
David Andrews,xwalker@hotmail.com,905-873-8844x067,Police officer,"Pineda, Murphy and Baker",4743.6
Brian Berger,michellemcfarland@hotmail.com,751-310-2685,Marketing executive,"Cunningham, Guerra and Long",3224.3
Austin Chang,richardlewis@yahoo.com,+1-266-129-2854x224,Arts development officer,"Heath, Wyatt and Boone",1600.88
Steven Torres,marshnicole@hotmail.com,425-052-0589,"Librarian, academic",Hall Inc,2997.5
Madeline Buchanan,zolsen@hotmail.com,097.189.0301x65508,"Administrator, charities/voluntary organisations",Stephens-Garcia,2957.11
Stephanie King,lindseycatherine@henry.biz,001-120-194-4919x0185,Naval architect,"Fowler, Hoffman and Stanley",8540.47
Mr. Scott Walker MD,zgriffin@walton.com,172.305.8906x17720,Commissioning editor,"Boone, Morgan and Taylor",9868.62
Joseph Graves Jr.,kelsey50@daniels.com,426.220.8245,"Surveyor, minerals","Larsen, Brown and Moon",2878.28
Marc Hodge,douglasfred@hotmail.com,728.258.3621x99757,Ergonomist,Thompson-Calderon,9133.09
Nathan Butler,awilliams@carpenter.com,516.278.5060x57366,Commissioning editor,Taylor Inc,4901.74
Paula Walker,danielle27@yahoo.com,974.574.5119x1440,Financial trader,"Cole, Mcmahon and Smith",9001.48
Adam Wallace,sheltonkevin@myers-davis.biz,001-978-781-2318x871,"Programmer, applications",Sandoval and Sons,517.59
Mr. Peter Guzman,oporter@poole.org,0650279556,Public relations account executive,"Davidson, Matthews and Grant",775.61
Ashley Griffith,hmontgomery@hotmail.com,532-112-3449,Theme park manager,"Hill, Cooper and Stevens",6705.34
Tanner Gonzalez,igill@krueger.org,874.003.3763x2506,Music tutor,Bentley LLC,2740.45
Timothy Day,tim71@roth-adkins.com,(113)876-6056,Management consultant,"Huang, Hall and Newman",267.4
Jean Crosby,curtisfred@keller.com,146-811-5659,"Engineer, chemical",Wright Ltd,3594.67
Clifford Sullivan,jameswilliams@gonzalez.com,787-806-3648,"Embryologist, clinical","Garza, Smith and Williams",9542.44
Kyle Moran,lisa25@gmail.com,1924076120,Cabin crew,Garrett PLC,8729.03
Nathan Williams,kyliejensen@cowan-fitzgerald.com,0508031350,Ambulance person,"Shaffer, Flowers and Hodges",1584.8
Adam Carroll,nina83@gmail.com,+1-130-436-7408x28694,Retail manager,"Thomas, Rodriguez and Kerr",7172.67
Raymond Gonzales,fhouston@mendoza.com,+1-073-495-4655x2911,Medical laboratory scientific officer,"Martinez, Leon and Thomas",4051.71
Bonnie Robinson,qjames@freeman-stephens.com,981.846.6242x50883,"Teacher, early years/pre",Greene and Sons,5587.05
Molly Palmer,lesliejohnson@gmail.com,751-037-1753,Community development worker,Mendez-Tucker,5104.19
Melissa Davis,whitegarrett@forbes-stewart.com,323.768.3641x9768,Commercial art gallery manager,Harvey-Smith,1033.76
Jeffrey Stephens,michael68@yahoo.com,289-606-5065x0814,Arts development officer,David LLC,6652.63
Dawn Castro,adkinskenneth@baldwin-johnson.info,001-419-192-9102x709,Cytogeneticist,Young-Gonzalez,6439.55
Timothy King,conradwilliam@rogers.info,372.320.8506x5715,Health and safety adviser,"Dodson, Harris and Perez",2268.31
Todd White,campbellkimberly@hotmail.com,261-855-7612,Systems analyst,Lee Group,5661.0
Carl Frey,lopezlaura@arnold.com,3709611843,Armed forces technical officer,Benjamin-Randall,9830.51
Ian Scott,zhines@hotmail.com,001-070-627-1594x77999,"Designer, graphic",Davis LLC,1306.28
Haley Rodriguez,hawkinswendy@hernandez-hall.com,797-996-0775x5172,"Engineer, maintenance (IT)",Neal LLC,819.22
Holly Hernandez,amanda69@gmail.com,001-943-394-8586,Midwife,"Gould, Ramirez and Ray",4406.38
Terry Lam,cummingskevin@bryant-hughes.com,(684)158-1203x41178,"Engineer, electrical",Nelson-Sparks,2501.11
Becky Johnson,smithjohn@gmail.com,276-983-8462x51244,"Administrator, local government","Hayes, Watson and Harris",7306.59
Matthew Hays,hrobinson@gmail.com,817-034-6962x667,IT trainer,"Love, Shannon and Soto",7675.9
Elizabeth Bryant MD,fgray@mora-hogan.com,011.435.2344,Arboriculturist,"Ortiz, Woods and Smith",7602.72
Julia Cummings,fjimenez@parker.biz,+1-242-860-8283x26448,"Accountant, chartered public finance","Payne, Keller and Levy",7464.99
Rachel Quinn,dneal@gmail.com,+1-331-192-2246,"Conservator, museum/gallery",Cooper PLC,9643.64
Stephanie York,bschneider@yahoo.com,001-564-558-7329x0789,"Programmer, applications",Gaines-Sims,634.99
Alicia Berry,bradleykenneth@yahoo.com,698-226-9131x9566,Media planner,"Sanchez, Schmidt and Franklin",982.0
James White,josevillanueva@pearson.com,+1-632-219-8811x2860,Mudlogger,"Carlson, Giles and Daugherty",8533.49
Brian Walker,angel79@huff.com,0377539237,"Engineer, civil (contracting)",Phillips and Sons,3543.96
Natalie Walker,ericstone@gmail.com,+1-665-125-4103,General practice doctor,"Rowland, Parker and Mason",733.13
Kevin Anderson,mrowe@yahoo.com,(579)421-4609,Purchasing manager,Johnson Group,2608.04
Lauren Moore,heidi47@madden.org,158.447.6164x452,Engineering geologist,Johnson LLC,5228.58
Jordan Fowler,michellehampton@hotmail.com,007-083-7944,Electronics engineer,Thompson Group,7365.8
Andrew Hernandez,robinsonnoah@hotmail.com,+1-651-460-9114x6051,"Solicitor, Scotland",Bush-Campbell,3077.6
Richard Williams,joseph04@yahoo.com,+1-823-330-8146x7309,"Education officer, environmental",Armstrong and Sons,9250.86
Adam Ramirez,jacobowens@gmail.com,801.404.2330x43595,Biomedical engineer,Braun Inc,7638.55
Jonathan Hall,salazardonald@gmail.com,001-618-671-0222,"Scientist, research (maths)",Anderson-Leach,62.52
Philip Jones,ovillegas@bennett.com,+1-998-883-0950x17813,Applications developer,Grant-Li,8920.5
John Mills,xbarnes@moyer-williams.com,971-784-0803x046,Ophthalmologist,"Jacobs, Brooks and Hernandez",6768.89
Michael Gonzalez,josephcrawford@johnson-glass.com,(509)882-2743x065,Office manager,Hurst Ltd,8268.23
Steve Warner,michele15@gmail.com,7466908262,"Psychologist, occupational","Salas, Daniels and Gibson",2215.93
Matthew Nelson,jacob80@yahoo.com,751-460-4690x17430,Special effects artist,"Mendez, Mitchell and Chandler",8949.81
Calvin Bush,collinselizabeth@hotmail.com,(160)014-4797x34962,Social worker,Bailey PLC,8632.73
Diana Williams,nicolemills@yahoo.com,(157)531-0833,Sports administrator,Berry-Rodriguez,7067.19
Shannon Jenkins,elizabeth21@hinton.com,+1-468-622-2934,Claims inspector/assessor,Stone-Crosby,9445.05
Richard Reyes,brianrowland@harvey.net,076.256.5280x162,Chartered accountant,"Mcmillan, Lozano and Howard",5381.61
Angela Savage,yeseniawilliams@yahoo.com,(585)111-5881x9145,Engineering geologist,"Cabrera, Holland and Wilkins",2638.37
John Jackson,marshallmatthew@gmail.com,001-009-967-9950x3170,"Physicist, medical",Frye-Jones,882.21
Laura Hernandez,william63@jackson.com,327-841-9310x48910,"Designer, industrial/product","Davis, Luna and Carroll",4958.67
Regina Rodriguez,madeline87@mays.com,(799)952-6031,Social worker,"Oconnor, Wise and Brown",4447.24
Alexis Hunter,harringtonashley@gmail.com,001-420-732-6513x78551,"Scientist, research (physical sciences)",Coleman LLC,9110.66
Stephen Lewis,sherriortega@hotmail.com,+1-173-079-1371x93984,Psychiatric nurse,West Group,1862.71
Joseph Weaver,reyesamy@chang.com,001-938-945-4159,"Surveyor, land/geomatics",Bradley PLC,436.36
Colin Daugherty,dlawson@floyd.biz,(289)880-1275x5346,"Scientist, physiological","Barton, Byrd and Stone",4792.24
Kathleen Carlson,kellyadam@baxter-davis.com,+1-129-766-7424x77025,Learning mentor,Howard Ltd,2265.78
Candice Black,swilson@yahoo.com,4243218665,Dietitian,"Alvarado, Clark and Elliott",7609.81
Taylor Robbins,yrobinson@johnson.biz,5559390877,Retail manager,"Williams, Kerr and Barrett",9886.07
Pamela Nichols,vcampos@george-wilson.net,173-961-6422,Public librarian,Osborne-Hall,1791.08
Travis Silva,mcgrathleon@carpenter-howard.com,092-199-8157x62075,Herbalist,Morris Inc,2644.51
Jennifer Robles,richardbarnett@summers.org,766-203-9452,Patent examiner,Taylor Group,2059.0
Michelle Edwards,sandra37@gmail.com,010-034-6361x1986,Commercial art gallery manager,Harris-Brown,8327.38
Karen Weiss,elainegrant@yahoo.com,774-520-8578x36930,Oceanographer,"Rosario, Jensen and Coleman",1476.75
James Gonzales,hernandeztimothy@hotmail.com,462.477.4805x01516,Advertising copywriter,Mann PLC,734.7
Jessica Davis,gerald95@hotmail.com,(588)242-6811x50081,Nature conservation officer,Young Ltd,5471.25
James Jones,michael43@noble.com,4835391105,Speech and language therapist,Davis-Graham,7790.0
Kaitlin Mosley,lyates@hotmail.com,+1-807-992-3074x132,Charity officer,"Anderson, Jacobs and Martin",6231.69
Brittany Henderson,shepherdchristina@marquez.com,5254473019,Electronics engineer,Goodman-Vargas,3543.09
Rebecca Nguyen,ahall@jackson.com,(448)878-6614x650,Higher education lecturer,Thompson PLC,6762.36
Dalton Myers,robertbrooks@yahoo.com,+1-362-101-2099x62659,Corporate treasurer,"Perry, Bautista and Jackson",9040.64
